<?xml version="1.0" standalone="yes"?>
<configrecord version="24.12.20">
<configgroup name = "XMLACTION">
<configitem name="LOADXML"><value>1</value></configitem>
<configitem name="Save_NVRAM"><value>1</value></configitem>
</configgroup>
<configgroup name = "DEVICE">
<configitem name="DeviceID"><value>AC1518EF5FA0</value></configitem>
<configitem name="VersionInfo"><value>1.9.3.9.6</value></configitem>
<configitem name="N2K_STATUS_BUFF"><value>65535</value></configitem>
<configitem name="Dimmer_Type"><value>25</value></configitem>
<configitem name="Switch_PGN_Instance"><value>15</value></configitem>
<configitem name="CAN_Mode"><value>2</value></configitem>
<configitem name="CANFILTERHB"><value>4294967295</value></configitem>
<configitem name="CANFILTERLB"><value>4294967295</value></configitem>
<configitem name="Uart0_Mode"><value>1</value></configitem>
<configitem name="Uart1_Mode"><value>0</value></configitem>
<configitem name="Uart2_Mode"><value>2</value></configitem>
<configitem name="SDLogEnable"><value>0</value></configitem>
<configitem name="SDLogInterval"><value>60</value></configitem>
<configitem name="Sample_Interval"><value>2</value></configitem>
<configitem name="RTCEnable"><value>1</value></configitem>
<configitem name="TimeSource"><value>11</value></configitem>
<configitem name="HTTP_POST_BUFF"><value>4096</value></configitem>
<configitem name="HTTP_SD_POST_BUFF"><value>4096</value></configitem>
<configitem name="SD_LOG_BUFF"><value>4096</value></configitem>
</configgroup>
