<?xml version="1.0" standalone="yes"?>
<configrecord version="24.12.20">
<configgroup name = "DEVICE">
<configitem name="DeviceID"><value>0CDC7EC3EABC</value></configitem>
<configitem name="VersionInfo"><value>1.9.2.12.24</value></configitem>
<configitem name="N2K_STATUS_BUFF"><value>2048</value></configitem>
<configitem name="Dimmer_Type"><value>25</value></configitem>
<configitem name="Switch_PGN_Instance"><value>0</value></configitem>
<configitem name="CAN_Mode"><value>2</value></configitem>
<configitem name="CANFILTERHB"><value>4294967295</value></configitem>
<configitem name="CANFILTERLB"><value>4294967295</value></configitem>
<configitem name="Uart0_Mode"><value>0</value></configitem>
<configitem name="Uart1_Mode"><value>0</value></configitem>
<configitem name="Uart2_Mode"><value>4</value></configitem>
<configitem name="SDLogEnable"><value>0</value></configitem>
<configitem name="SDLogInterval"><value>60</value></configitem>
<configitem name="RTCEnable"><value>1</value></configitem>
<configitem name="TimeSource"><value>1</value></configitem>
</configgroup>
