<?xml version="1.0" standalone="yes"?>
<configrecord version="24.12.20">
<configgroup name = "DEVICE">
<configitem name="DeviceID"><value>0CDC7EC3EABC</value></configitem>
<configitem name="VersionInfo"><value>1.9.2.12.24</value></configitem>
</configgroup>
<configgroup name = "Network">
<configitem name="DHCP"><value>0</value></configitem>
<configitem name="IPAddress"><value>192.168.254.114</value></configitem>
<configitem name="SubNet"><value>255.255.255.0</value></configitem>
<configitem name="Gateway"><value>192.168.254.254</value></configitem>
<configitem name="DNS1"><value>8.8.8.8</value></configitem>
<configitem name="DNS2"><value>192.168.254.254</value></configitem>
</configgroup>
<configgroup name = "WIFI">
<configitem name="WiFiType"><value>1</value></configitem>
<configitem name="STASSID"><value>Winchuck Mesh</value></configitem>
<configitem name="STASECTYPE"><value>3</value></configitem>
<configitem name="STASECKEY"><value>winchuck</value></configitem>
<configitem name="SAPSSID"><value>SeaGaugeG4-EABC</value></configitem>
<configitem name="SAPSECTYPE"><value>3</value></configitem>
<configitem name="SAPSECKEY"><value>seasmartg3</value></configitem>
</configgroup>
<configgroup name = "UDP">
<configitem name="UDPEnable"><value>0</value></configitem>
<configitem name="UDPPort"><value>10010</value></configitem>
</configgroup>
<configgroup name = "HTTPPOST">
<configitem name="PostType"><value>0</value></configitem>
<configitem name="PostInterval"><value>60</value></configitem>
</configgroup>
