<?xml version="1.0" standalone="yes"?>
<configrecord version="24.12.20">
<configitem name="LOADXML"><value>0</value></configitem>
<configgroup name = "DEVICE">
<configitem name="DeviceID"><value>0CDC7EC3EABC</value></configitem>
<configitem name="VersionInfo"><value>1.9.2.12.24</value></configitem>
</configgroup>
<configgroup name = "RuntimePulse">
<configitem name="PulseRTTotal00"><value>53305</value></configitem>
<configitem name="PulseRTTotal01"><value>65535</value></configitem>
<configitem name="PulseRTTotal02"><value>0</value></configitem>
<configitem name="FuelRTTotal00"><value>23</value></configitem>
<configitem name="FuelRTTotal01"><value>23</value></configitem>
<configitem name="FuelRTTotal02"><value>29</value></configitem>
<configgroup name = "RuntimePIO">
<configitem name="PIORTTotal00"><value>0</value></configitem>
<configitem name="PIORTTotal01"><value>0</value></configitem>
<configitem name="PIORTTotal02"><value>0</value></configitem>
<configitem name="PIORTTotal03"><value>0</value></configitem>
<configitem name="PIOCycle00"><value>0</value></configitem>
<configitem name="PIOCycle01"><value>0</value></configitem>
<configitem name="PIOCycle02"><value>0</value></configitem>
<configitem name="PIOCycle03"><value>0</value></configitem>
</configgroup>
